{
  "protocol": "same-session rgam5terra release+parallel; profile_train median 31; full string collect vs read_all_positions_str lean",
  "host": "rgam5terra",
  "full_path": "ConFrameIterator / read_all_frames (full AtomDatum ConFrame)",
  "lean_path": "parse_single_frame_positions / read_all_positions_str (owned (N,3) only)",
  "pairs": [
    {
      "case": "cuh2_x50",
      "full_frame_ms": 1.002977,
      "lean_positions_ms": 0.27554100000000004,
      "lean_speedup_vs_full": 3.6400281627779525,
      "full_p10_ms": 0.9866460000000001,
      "full_p90_ms": 1.0115129999999999,
      "lean_p10_ms": 0.24634599999999998,
      "lean_p90_ms": 0.33305
    },
    {
      "case": "cuh2_x100",
      "full_frame_ms": 2.162329,
      "lean_positions_ms": 0.420285,
      "lean_speedup_vs_full": 5.144911191215485,
      "full_p10_ms": 2.0968660000000003,
      "full_p90_ms": 2.208727,
      "lean_p10_ms": 0.39016799999999996,
      "lean_p90_ms": 0.456273
    },
    {
      "case": "tiny_x200",
      "full_frame_ms": 0.181674,
      "lean_positions_ms": 0.138441,
      "lean_speedup_vs_full": 1.312284655557241,
      "full_p10_ms": 0.174981,
      "full_p90_ms": 0.19037,
      "lean_p10_ms": 0.111601,
      "lean_p90_ms": 0.16909
    },
    {
      "case": "cuh2_x30",
      "full_frame_ms": 0.584045,
      "lean_positions_ms": 0.177596,
      "lean_speedup_vs_full": 3.288615734588617,
      "full_p10_ms": 0.577071,
      "full_p90_ms": 0.591578,
      "lean_p10_ms": 0.160253,
      "lean_p90_ms": 0.203225
    }
  ],
  "lean_vs_full_geomean": 2.998340505805563,
  "path_full_read_all_frames_ms": 0.767482
}
